{
	"transformTracker": [
		[-0.959592, 0.277886, 0.0443091],
		[-0.279896, -0.958806, -0.0484652],
		[0.0290161, -0.0589087, 0.997842]
	],
	"transformTrackerOld": [
		[-0.959308, 0.281717, 0.0190508],
		[0.282028, 0.959268, 0.0162585],
		[-0.0136945, 0.0209698, -0.999686]
	],
	"T3": [
		[-0.959308, -0.281717, -0.0190508],
		[ 0.282028,0.959268, -0.0162585],
		[-0.0136945, -0.0209698, -0.999686]
	],
	"trackerOffset": [-2.963,-217.61,-1442.62],
	"trackerOffsetOld": [10.5377, -238.645, -1434.26],
	"rotation3d": [
		[
			1.0,
			0.0,
			0.0
		],
		[
			0.0,
			1.0,
			0.0
		],
		[
			0.0,
			0.0,
			1.0
		]
	],
	"translationVector3d": [
		0.0,
		0.0,
		0.0
	],
	"scaleVector3d": [
		1,
		1,
		1
	],
	"flip2d": [
		[1, 0],
		[0, 1]
	],
	"imagePoints": [
		[0, 0],
		[0, 1],
		[1, 0],
		[1, 1]
	],
	"trackingPoints": [
		[0, 0],
		[0, 1],
		[1, 0],
		[1, 1]
	],
	"ignoreDimension": 2
}